{"cameraMode":{"drawMode":0,"name":"Shaded","section":"Shading Mode"},"sceneLighting":false,"audioPlay":false,"sceneViewState":{"showFog":true,"showMaterialUpdate":false,"showSkybox":true,"showFlares":true,"showImageEffects":true,"showParticleSystems":true},"in2DMode":false,"pivot":{"x":-0.16920386254787446,"y":0.7312326431274414,"z":-0.22471535205841065},"rotation":{"x":0.700939953327179,"y":0.0019129663705825806,"z":-0.0019285137532278896,"w":0.713215172290802},"size":13.224663734436036,"orthographic":false}